path,twrp_blob,orangefox_initial_blob,orangefox_port_blob,classification,reason
.gitattributes,ec6728d99204bfb10f93d3ffc9102a0660fda78d,7353614049aded9dc1389f7336bd97568ae30b9a,9f3a003b9329ef953c9b6b23604581e4362d7c9a,fusión manual,Integración del conocimiento de hardware TWRP y semántica OrangeFox; ver PORT_STATUS.md
.github/patches/cli-result.patch,ab7a12ddbdd398bf6fbb3b6cf10f8929a2be6bc6,,dae38c84ef812521e189c63ebd8c875a66fb1e70,port semántico,Adaptación al source OrangeFox fijado; ver PORT_STATUS.md
.github/patches/image-size-preflight.patch,f7bca2c7d902acb9bdcf48e5d6083776774087a0,,989443f40431074487e35ad338901d1a4a59c4f6,port semántico,Adaptación al source OrangeFox fijado; ver PORT_STATUS.md
.github/patches/image-target-message.patch,7bbc594f0b451b3381ceb6200f6d1d6b85c61790,,4527cc6bee142a4d547fb57b69eb8d287305ba1b,port semántico,Adaptación al source OrangeFox fijado; ver PORT_STATUS.md
.github/patches/late-cpu-sensor.patch,200a1f17ef3b2b934ce0deda1b8271d1ff95a7aa,,4d46efa1dd5091b4e3286c9e34215f98821859c0,port semántico,Adaptación al source OrangeFox fijado; ver PORT_STATUS.md
.github/patches/logical-image-flash.patch,fcfc6802815fe1c1c7de186732f9378eb7e33057,,6edb72c1b3a0ff53f968b9333fe9e9a660ed9b98,port semántico,Adaptación al source OrangeFox fijado; ver PORT_STATUS.md
.github/patches/nx733j-haptics.patch,413405ab6f54481031caabbd9ef706587694ccdf,,dc03a92b1ec26ba2ce4f1d2002dd862483d67085,port semántico,Adaptación al source OrangeFox fijado; ver PORT_STATUS.md
.github/patches/nx733j-super-protection.patch,,,ee02ae27a5d1146b6b17955c8cfe76b44b81aed3,port semántico,Adaptación al source OrangeFox fijado; ver PORT_STATUS.md
.github/patches/series,,,adcbb898459ec9fd1e3398e6f38489d0296bcee6,port semántico,Adaptación al source OrangeFox fijado; ver PORT_STATUS.md
.github/patches/twrp-flags-columns.patch,399d82d1f130fd33dbc5002767afe6b0fe7a9f34,,35cae96df379b5a6cdee3da022113f2fddf131e7,port semántico,Adaptación al source OrangeFox fijado; ver PORT_STATUS.md
.github/recovery-revision,,,49baf50bc2c040342cbd0d745aba6d06b382328b,CI/herramienta,Validación OrangeFox del commit exacto y artefactos
.github/sync-revision,,,823a6b683343be83a7cdf0ddcce8faf0daf9727d,CI/herramienta,Validación OrangeFox del commit exacto y artefactos
.github/tests/test-artifact-validation.py,,,3072d86774d5c64387a199944992ad9a961bfa09,integración OrangeFox,Herramienta o configuración propia del port; ver PORT_STATUS.md
.github/tests/test-cli-result.py,12603a4e2c9b768e79263d04e0e7526ed7c3f711,,7db6fa6a2be79a682a764ee4c1420a9980028cdf,test adaptado,Se conserva comportamiento simulado con APIs OrangeFox
.github/tests/test-cpu-discovery.py,73d3886e115c1a68688956012b770b7e909f3c2d,,1532af304715a42c777fe2ec7eb345f9656b73b6,test adaptado,Se conserva comportamiento simulado con APIs OrangeFox
.github/tests/test-device-tree.py,,,2f4b0d067575ebed4f1f99181b9d678224a239f4,test adaptado,Se conserva comportamiento simulado con APIs OrangeFox
.github/tests/test-flags-parser.py,,,8545d439c78b4bab0d3223b2d96dac519aaff3b8,test adaptado,Se conserva comportamiento simulado con APIs OrangeFox
.github/tests/test-image-preflight.py,cabff57a7258020f77ace10aaec9cf304a6c0b15,,3fd5d1313bcbc9e310e7facc3008abddb24f58af,test adaptado,Se conserva comportamiento simulado con APIs OrangeFox
.github/tests/test-late-cpu-sensor.py,b3b46bc2e764900e5e5d8966a6ec85a0021ae752,,b3b46bc2e764900e5e5d8966a6ec85a0021ae752,migrado de TWRP,Identidad de blob Git con la referencia TWRP
.github/tests/test-logical-image.py,41a6a30f68ad0569fc7399a6e88134a4eda8a6cb,,cd7e89c0f0275bf7611d65fe8ef34c3fc037ecca,test adaptado,Se conserva comportamiento simulado con APIs OrangeFox
.github/vendor-revision,,,63f659d0e11f65cf3b2283f72e7aaefd9b1051c9,CI/herramienta,Validación OrangeFox del commit exacto y artefactos
.github/workflows/build-validation.yml,ff5803e4348bfb2843568c420a437a8ef220b6b0,,,excluido,"Producto/build TWRP, branding runtime sustituido por TW_DEVICE_VERSION, o configuración crDroid fuera del producto OrangeFox"
.github/workflows/build.yml,10cbc6bc007fe8ff95f02ce0bc72d2937f13e73e,8a14efb67c90c1931605be84614c8377caa8752b,7817c5308a3018c4040b074826589b21eacc80c7,CI/herramienta,Validación OrangeFox del commit exacto y artefactos
.github/workflows/port-tests.yml,,,8a2e9fa6bf96ec5ee45716bc1ac92369e63d5dbd,CI/herramienta,Validación OrangeFox del commit exacto y artefactos
.gitignore,1969a41e39eafa01151dcc5941abbeb90a17668e,ada5be316d1a1b062ce6084e17395644e4498952,13e06472ef43cb35dba7404f9b4813d017f785e2,fusión manual,Integración del conocimiento de hardware TWRP y semántica OrangeFox; ver PORT_STATUS.md
Android.bp,517a0167e3ffe8fb2d03fde2130e0608085cfcdf,cee22daa2b027b2cd367cd7a800e7c0e9de988a0,cee22daa2b027b2cd367cd7a800e7c0e9de988a0,OrangeFox conservado,Integración/producto OrangeFox o configuración heredada sin evidencia de sustitución necesaria
Android.mk,8b882abb5d09c23a7c4adf1b7f9285f284373f7a,8b882abb5d09c23a7c4adf1b7f9285f284373f7a,8b882abb5d09c23a7c4adf1b7f9285f284373f7a,sin cambios compartido,Identidad de blob Git con la referencia TWRP
AndroidProducts.mk,4f9ae7ac396fb08ff1bf5ea61a77dd8ebd6c1fb1,7d92efc771c53e89bb4ca00360cb854c1079b8fe,7d92efc771c53e89bb4ca00360cb854c1079b8fe,OrangeFox conservado,Integración/producto OrangeFox o configuración heredada sin evidencia de sustitución necesaria
BoardConfig.mk,a94a110bdb3911852a927f24f816f13d9ce5616e,d9d28c351a3baebaf9c2d0f23de5c99348c1b8fa,f7208861d6634fed537f06725457efb8c44e8b09,fusión manual,Integración del conocimiento de hardware TWRP y semántica OrangeFox; ver PORT_STATUS.md
CHANGELOG.md,1d728d3ee6061dfc9646d1256935ea645d51405e,,,excluido,"Producto/build TWRP, branding runtime sustituido por TW_DEVICE_VERSION, o configuración crDroid fuera del producto OrangeFox"
README.md,42109ed805716c6285e5220f682a459db048886b,254308c8799fd9032d281c75eac3cdefcc4d5f6a,585bb9c8b6f33813a40d2d457632bcca6084606d,OrangeFox conservado,Integración/producto OrangeFox o configuración heredada sin evidencia de sustitución necesaria
crdroid_files/Android.mk,,b84bccb9a1c862f89eaa67c0b72761e14fd01067,b84bccb9a1c862f89eaa67c0b72761e14fd01067,OrangeFox conservado,Integración/producto OrangeFox o configuración heredada sin evidencia de sustitución necesaria
crdroid_files/AndroidProducts.mk,,bb14369b9bfcd0b9ceaccb362e6b4db66843abfe,bb14369b9bfcd0b9ceaccb362e6b4db66843abfe,OrangeFox conservado,Integración/producto OrangeFox o configuración heredada sin evidencia de sustitución necesaria
crdroid_files/BoardConfig.mk,,bf61c98aff6735210a29dbd96d3e8c452fc43b49,bf61c98aff6735210a29dbd96d3e8c452fc43b49,OrangeFox conservado,Integración/producto OrangeFox o configuración heredada sin evidencia de sustitución necesaria
crdroid_files/device_nubia_nx733j.mk,,69b10ca7065e22132651f6077695f0d48bdcfc00,69b10ca7065e22132651f6077695f0d48bdcfc00,OrangeFox conservado,Integración/producto OrangeFox o configuración heredada sin evidencia de sustitución necesaria
crdroid_files/sepolicy/vendor/file_contexts,,46d89a313b29c00a2053b04726d30bbe678cd68a,46d89a313b29c00a2053b04726d30bbe678cd68a,OrangeFox conservado,Integración/producto OrangeFox o configuración heredada sin evidencia de sustitución necesaria
crdroid_files/sepolicy/vendor/genfs_contexts,,340896166b649d79d7a46b44cf773c3b475d6dd7,340896166b649d79d7a46b44cf773c3b475d6dd7,OrangeFox conservado,Integración/producto OrangeFox o configuración heredada sin evidencia de sustitución necesaria
crdroid_files/system.prop,,e48ad64ed912e3c3408d0f31be09cf72af42618f,e48ad64ed912e3c3408d0f31be09cf72af42618f,OrangeFox conservado,Integración/producto OrangeFox o configuración heredada sin evidencia de sustitución necesaria
crdroid_files/vendor.prop,,960ce51cb2917127b686d86077b007b65b826679,960ce51cb2917127b686d86077b007b65b826679,OrangeFox conservado,Integración/producto OrangeFox o configuración heredada sin evidencia de sustitución necesaria
crdroid_files/vendor/BoardConfigVendor.mk,,cbdbdf7727bb42a2ba1fd24f5e867f82e34d2b39,cbdbdf7727bb42a2ba1fd24f5e867f82e34d2b39,OrangeFox conservado,Integración/producto OrangeFox o configuración heredada sin evidencia de sustitución necesaria
crdroid_files/vendor/device-vendor.mk,,04b410d1d3a06280c8e0121239a1a36be6315881,04b410d1d3a06280c8e0121239a1a36be6315881,OrangeFox conservado,Integración/producto OrangeFox o configuración heredada sin evidencia de sustitución necesaria
crdroid_files/vendor/generate-vendor-mk.sh,,9d9a5603477757ebe4e5e6cd449609fe79cec5a3,9d9a5603477757ebe4e5e6cd449609fe79cec5a3,OrangeFox conservado,Integración/producto OrangeFox o configuración heredada sin evidencia de sustitución necesaria
device.mk,1b8b08093254c97666729e0b4a6b80f10dd77e8e,2d9b3b03bd2c818b5cd370db7e095c8a396f2ea4,0e57296a31aa37dc9c5ee8f6145b7a246a5d8c56,fusión manual,Integración del conocimiento de hardware TWRP y semántica OrangeFox; ver PORT_STATUS.md
fstab.qcom,c8f0c5a77bb93653e819c043284f0890ecea9ba9,,c8f0c5a77bb93653e819c043284f0890ecea9ba9,migrado de TWRP,Identidad de blob Git con la referencia TWRP
ofrp_NX733J.mk,,659c43ca3005516961999f99b4c251632d9ff405,659c43ca3005516961999f99b4c251632d9ff405,OrangeFox conservado,Integración/producto OrangeFox o configuración heredada sin evidencia de sustitución necesaria
prebuilt/Android.mk,99c5c09e6f8de0853d8357f96823530a42228b4e,71c401192b4f6d8f623f3f1ca4894cf6d7defe2f,99c5c09e6f8de0853d8357f96823530a42228b4e,migrado de TWRP,Identidad de blob Git con la referencia TWRP
prebuilt/dtbo.img,9d2fe5f8a48910b871edb2159084cc0dcea1fea2,,9d2fe5f8a48910b871edb2159084cc0dcea1fea2,migrado de TWRP,Identidad de blob Git con la referencia TWRP
prebuilt/kernel,1e9faf72cbc5f793484548ee625b57cae074f3c3,,1e9faf72cbc5f793484548ee625b57cae074f3c3,migrado de TWRP,Identidad de blob Git con la referencia TWRP
recovery.fstab,484fa87cc15515a461bb6e055157e6854b814421,ba0c1543cb032f422ec03ef3b75b759913c0cc8a,484fa87cc15515a461bb6e055157e6854b814421,migrado de TWRP,Identidad de blob Git con la referencia TWRP
recovery/root/data/vendor/touchscreen/fw/goodix_config.cfg,64ede509bcbc1e583405d6a6b0d5b984a2a4e1c1,64ede509bcbc1e583405d6a6b0d5b984a2a4e1c1,64ede509bcbc1e583405d6a6b0d5b984a2a4e1c1,sin cambios compartido,Identidad de blob Git con la referencia TWRP
recovery/root/data/vendor/touchscreen/fw/goodix_firmware.bin,4fdba25e753beb90d7e83322dab8a4fb6edee067,95bb5ceae7ad185b3140f34506143daaebc1b82c,4fdba25e753beb90d7e83322dab8a4fb6edee067,migrado de TWRP,Identidad de blob Git con la referencia TWRP
recovery/root/data/vendor/touchscreen/fw/thp_cfg_9916.bin,fc382649ff64880a4f48ea23b49adec82f6b35f1,1ba7162585c16e3b0afb5968264acdbb2356c130,fc382649ff64880a4f48ea23b49adec82f6b35f1,migrado de TWRP,Identidad de blob Git con la referencia TWRP
recovery/root/init.recovery.qcom.rc,c4f0f570a1bb3414c78ce5ff5dd9d0754179915e,db1a54607f8123e624aff1872d3716a717978164,47edfa71bc537843c48a3b8e624149b6b29a25d7,fusión manual,Integración del conocimiento de hardware TWRP y semántica OrangeFox; ver PORT_STATUS.md
recovery/root/init.recovery.usb.rc,84bcff31396cdfcbdccef7af58e87b077c07d237,bae66a39348608ba97819b3484b2afe4ec9c911c,84bcff31396cdfcbdccef7af58e87b077c07d237,migrado de TWRP,Identidad de blob Git con la referencia TWRP
recovery/root/init.recovery.wifi.rc,01c7aef0a42f4168e9f7a6a09d3703fa46fd031f,5a7eab56229df84bc94e1c7bc39f4bdfec6c9be8,01c7aef0a42f4168e9f7a6a09d3703fa46fd031f,migrado de TWRP,Identidad de blob Git con la referencia TWRP
recovery/root/splash.png,700ae10261805e4831c8c6baeafb7408134fe851,fb5ff432eb6ef0ac9c81041d0a319b0f7c31556c,700ae10261805e4831c8c6baeafb7408134fe851,migrado de TWRP,Identidad de blob Git con la referencia TWRP
recovery/root/system/bin/busybox,8698dbb2d406f3710b46dfa54dd978c546f7e376,3b53b20bb37afe805765865efea241116d50a813,8698dbb2d406f3710b46dfa54dd978c546f7e376,migrado de TWRP,Identidad de blob Git con la referencia TWRP
recovery/root/system/bin/cp-wifi-ko.sh,897f308f9dd679e325570e87d87c880cd7a973ed,897f308f9dd679e325570e87d87c880cd7a973ed,897f308f9dd679e325570e87d87c880cd7a973ed,sin cambios compartido,Identidad de blob Git con la referencia TWRP
recovery/root/system/bin/dhcpcd,9289e2fcfbcaf990c4b5e3d0da18f50c51d84d21,f8da94bc86311dd36de73f8b3ce5d68f84d2a406,f8da94bc86311dd36de73f8b3ce5d68f84d2a406,OrangeFox conservado,Integración/producto OrangeFox o configuración heredada sin evidencia de sustitución necesaria
recovery/root/system/bin/wpa_cli,19ccea31c6d2b763c3bf9bd0b2b7e698c1805adc,19ccea31c6d2b763c3bf9bd0b2b7e698c1805adc,19ccea31c6d2b763c3bf9bd0b2b7e698c1805adc,sin cambios compartido,Identidad de blob Git con la referencia TWRP
recovery/root/system/etc/event-log-tags,d1d5e80b9f1b8e2a225e3198f6c7a3bdda6c9f68,d1d5e80b9f1b8e2a225e3198f6c7a3bdda6c9f68,d1d5e80b9f1b8e2a225e3198f6c7a3bdda6c9f68,sin cambios compartido,Identidad de blob Git con la referencia TWRP
recovery/root/system/etc/resolv.conf,1489ff2342bc5c563f9d36d1194733da7aa23775,1489ff2342bc5c563f9d36d1194733da7aa23775,1489ff2342bc5c563f9d36d1194733da7aa23775,sin cambios compartido,Identidad de blob Git con la referencia TWRP
recovery/root/system/etc/task_profiles.json,533aa21e2a328c3277eca13d9e823eb37468897b,533aa21e2a328c3277eca13d9e823eb37468897b,533aa21e2a328c3277eca13d9e823eb37468897b,sin cambios compartido,Identidad de blob Git con la referencia TWRP
recovery/root/system/etc/twrp.flags,c9a3a2f4bab40585c5186d228c2be1a8c14a59ea,dfc5ddfcc66264c856ee6be305e37352e3e0eac7,c9a3a2f4bab40585c5186d228c2be1a8c14a59ea,migrado de TWRP,Identidad de blob Git con la referencia TWRP
recovery/root/system/etc/ueventd.rc,f93a8ec6ddefed0c9073a197fa901080baaba834,f93a8ec6ddefed0c9073a197fa901080baaba834,f93a8ec6ddefed0c9073a197fa901080baaba834,sin cambios compartido,Identidad de blob Git con la referencia TWRP
recovery/root/system/etc/vintf/manifest.xml,5c83f1819296f42a3855588e4194c2de614c07a2,5c83f1819296f42a3855588e4194c2de614c07a2,5c83f1819296f42a3855588e4194c2de614c07a2,sin cambios compartido,Identidad de blob Git con la referencia TWRP
recovery/root/system/etc/vintf/manifest/nx733j-hals.xml,bfac0fe99f353f7ecfbd9cac70a2065db06e5a2c,,bfac0fe99f353f7ecfbd9cac70a2065db06e5a2c,migrado de TWRP,Identidad de blob Git con la referencia TWRP
recovery/root/system/lib64/libcert_parse.wpa_s.so,b94740d5b1c262eac4da67426d86022c953adf26,5ec6e26b6009dd394c5e538e8db43d355a17363c,b94740d5b1c262eac4da67426d86022c953adf26,migrado de TWRP,Identidad de blob Git con la referencia TWRP
recovery/root/system/lib64/libexpat.so,c1574f9708734d09b1a3b697fc8e5b5ad1437726,72d3752060246fcb0344c1e48058c2c217883488,c1574f9708734d09b1a3b697fc8e5b5ad1437726,migrado de TWRP,Identidad de blob Git con la referencia TWRP
recovery/root/system/lib64/libkeystore-engine-wifi-hidl.so,df6f54f19c6490e2d3c191a8a91490fb30196ff0,df6f54f19c6490e2d3c191a8a91490fb30196ff0,df6f54f19c6490e2d3c191a8a91490fb30196ff0,sin cambios compartido,Identidad de blob Git con la referencia TWRP
recovery/root/system/lib64/libkeystore-wifi-hidl.so,09726b5b00992e1042a2d126b42e625e1117bbe8,3d7c769fb990af9da315bc2e3852f60b7c1855d7,09726b5b00992e1042a2d126b42e625e1117bbe8,migrado de TWRP,Identidad de blob Git con la referencia TWRP
recovery/root/twrp.flags,cce5b7746363aadcd29e55f0c917c38e55abb9ee,36db47260f215b46ac04bfd559d79ed1455593c3,c9a3a2f4bab40585c5186d228c2be1a8c14a59ea,fusión manual,Integración del conocimiento de hardware TWRP y semántica OrangeFox; ver PORT_STATUS.md
recovery/root/vendor/bin/cnss-daemon,c9d7644af0ec4d8f2704480f3f2699465a962e79,3e2911aa6c4b07844386dc00489dbb98985cbf8a,3e2911aa6c4b07844386dc00489dbb98985cbf8a,OrangeFox conservado,Integración/producto OrangeFox o configuración heredada sin evidencia de sustitución necesaria
recovery/root/vendor/bin/hw/android.hardware.boot-service.qti,bebd89a37e0225271642b8d51450c6949913b4ac,bebd89a37e0225271642b8d51450c6949913b4ac,bebd89a37e0225271642b8d51450c6949913b4ac,sin cambios compartido,Identidad de blob Git con la referencia TWRP
recovery/root/vendor/bin/hw/android.hardware.gatekeeper-service-qti,42f1892e72bb33d0f35c52fd5c8ef442172da794,42f1892e72bb33d0f35c52fd5c8ef442172da794,42f1892e72bb33d0f35c52fd5c8ef442172da794,sin cambios compartido,Identidad de blob Git con la referencia TWRP
recovery/root/vendor/bin/hw/android.hardware.health-service.qti,c2d1f5906d39bc9f1bc20300d7128f49e9360270,c2d1f5906d39bc9f1bc20300d7128f49e9360270,c2d1f5906d39bc9f1bc20300d7128f49e9360270,sin cambios compartido,Identidad de blob Git con la referencia TWRP
recovery/root/vendor/bin/hw/android.hardware.security.keymint-service-qti,b4c0a334d723ca4aca018fd8205e85051b1b8c70,b4c0a334d723ca4aca018fd8205e85051b1b8c70,b4c0a334d723ca4aca018fd8205e85051b1b8c70,sin cambios compartido,Identidad de blob Git con la referencia TWRP
recovery/root/vendor/bin/init_nx733j_cpu.sh,f8c08d9abcfb5377737b6e9ce66b13c2776e677a,,f8c08d9abcfb5377737b6e9ce66b13c2776e677a,migrado de TWRP,Identidad de blob Git con la referencia TWRP
recovery/root/vendor/bin/init_nx733j_hardware.sh,c1d59b7d6e89446c0768e3eb369255eddd4b28f4,,c1d59b7d6e89446c0768e3eb369255eddd4b28f4,migrado de TWRP,Identidad de blob Git con la referencia TWRP
recovery/root/vendor/bin/mount_vendor_dlkm.sh,c7525227892517b3dc3194ace7e9a3eb0ce58228,9d184f51f409e1898ecec0eed059735a8099e5a0,c7525227892517b3dc3194ace7e9a3eb0ce58228,migrado de TWRP,Identidad de blob Git con la referencia TWRP
recovery/root/vendor/bin/nx733j-diagnose.sh,e4fbcafd7c7087e8f4013f1334f5f6a114964826,,ff3e7264fb81418cecd4c87787b33faba910ffef,fusión manual,Integración del conocimiento de hardware TWRP y semántica OrangeFox; ver PORT_STATUS.md
recovery/root/vendor/bin/odm_tsc,6915f8fc45d07700cfad9e42e6a7c7ac1ab2d452,6915f8fc45d07700cfad9e42e6a7c7ac1ab2d452,6915f8fc45d07700cfad9e42e6a7c7ac1ab2d452,sin cambios compartido,Identidad de blob Git con la referencia TWRP
recovery/root/vendor/bin/pd-mapper,0adf0b3965a38fb0ad7396fb610461a3fb76ac22,0adf0b3965a38fb0ad7396fb610461a3fb76ac22,0adf0b3965a38fb0ad7396fb610461a3fb76ac22,sin cambios compartido,Identidad de blob Git con la referencia TWRP
recovery/root/vendor/bin/pm-proxy,d3f06e9cc9ae0a0d0606f5daa8eca640c7ad755e,d3f06e9cc9ae0a0d0606f5daa8eca640c7ad755e,d3f06e9cc9ae0a0d0606f5daa8eca640c7ad755e,sin cambios compartido,Identidad de blob Git con la referencia TWRP
recovery/root/vendor/bin/pm-service,df5dc31fc5e130a22a4153a6f73417bdb959698e,df5dc31fc5e130a22a4153a6f73417bdb959698e,df5dc31fc5e130a22a4153a6f73417bdb959698e,sin cambios compartido,Identidad de blob Git con la referencia TWRP
recovery/root/vendor/bin/qrtr-ns,9d29181f2f135b1339f501b5484dd2a80f300ad6,9d29181f2f135b1339f501b5484dd2a80f300ad6,9d29181f2f135b1339f501b5484dd2a80f300ad6,sin cambios compartido,Identidad de blob Git con la referencia TWRP
recovery/root/vendor/bin/qseecomd,ca6d0d79d34e25d6d774c0f10d9c2dbacbfd7508,ca6d0d79d34e25d6d774c0f10d9c2dbacbfd7508,ca6d0d79d34e25d6d774c0f10d9c2dbacbfd7508,sin cambios compartido,Identidad de blob Git con la referencia TWRP
recovery/root/vendor/bin/rmt_storage,0ce3a16dd8ac0d375f951895e5381131b7d22e18,0ce3a16dd8ac0d375f951895e5381131b7d22e18,0ce3a16dd8ac0d375f951895e5381131b7d22e18,sin cambios compartido,Identidad de blob Git con la referencia TWRP
recovery/root/vendor/bin/set_branding.sh,de12e0fdcf4db462b1af3cd9ea4168e199bab028,bf0a052bb9684e041523d2b2217e8ebc778e3b0b,,excluido,"Producto/build TWRP, branding runtime sustituido por TW_DEVICE_VERSION, o configuración crDroid fuera del producto OrangeFox"
recovery/root/vendor/bin/ssgtzd,62706878cf5696cafbfc75083036fb97c4923bb9,62706878cf5696cafbfc75083036fb97c4923bb9,62706878cf5696cafbfc75083036fb97c4923bb9,sin cambios compartido,Identidad de blob Git con la referencia TWRP
recovery/root/vendor/bin/wpa_supplicant,bf6d9b888609b7762c4540f1353a29e613207b34,925cc56fc46b690bde1d79041a9a12f72660826f,925cc56fc46b690bde1d79041a9a12f72660826f,OrangeFox conservado,Integración/producto OrangeFox o configuración heredada sin evidencia de sustitución necesaria
recovery/root/vendor/etc/charger_fw_fstab.qti,87dd4a9f26232a6cb6f611af6eee5a2b16ab7829,1078f13387f8939ef3ca5ed2bea769f27448667c,87dd4a9f26232a6cb6f611af6eee5a2b16ab7829,migrado de TWRP,Identidad de blob Git con la referencia TWRP
recovery/root/vendor/etc/gpfspath_oem_config.xml,6b2e82ac8b82523550ebf5074390f008f3a86ba0,6b2e82ac8b82523550ebf5074390f008f3a86ba0,6b2e82ac8b82523550ebf5074390f008f3a86ba0,sin cambios compartido,Identidad de blob Git con la referencia TWRP
recovery/root/vendor/etc/init/android.hardware.boot-service.qti.rc,adfd1a2927e9c3a8a1b1279aa4c381f3061cef1d,58a14974577abcf22404f429f74f0ff1b0fc7aec,adfd1a2927e9c3a8a1b1279aa4c381f3061cef1d,migrado de TWRP,Identidad de blob Git con la referencia TWRP
recovery/root/vendor/etc/init/android.hardware.gatekeeper-service-qti.rc,8890565ce456e4abc156b247f5d99bc6157bdaef,83917386d0ee9914cf11608c31169fd573eae527,8890565ce456e4abc156b247f5d99bc6157bdaef,migrado de TWRP,Identidad de blob Git con la referencia TWRP
recovery/root/vendor/etc/init/android.hardware.health-service.qti.rc,c0e0a198ef9019698ebbb59893817444e21a882b,e12b426eba77ed334072ec78ce425bcd64f705f3,c0e0a198ef9019698ebbb59893817444e21a882b,migrado de TWRP,Identidad de blob Git con la referencia TWRP
recovery/root/vendor/etc/init/android.hardware.security.keymint-service-qti.rc,548032fd411b1e98d44473fa91cf2443c324ee17,d0d32332571bcb3206934e960ca947ccc417ab32,548032fd411b1e98d44473fa91cf2443c324ee17,migrado de TWRP,Identidad de blob Git con la referencia TWRP
recovery/root/vendor/etc/init/qseecomd.rc,880bd4f00673a7e21c67c4428799b1bff882b631,f3132586e8f888d54400427ef49b46c41ce98825,880bd4f00673a7e21c67c4428799b1bff882b631,migrado de TWRP,Identidad de blob Git con la referencia TWRP
recovery/root/vendor/etc/init/ssgtzd.rc,736e936191d6c4c89a0760f864f27041a18b4426,08ddc6ef52fc7bc94ede171f3a7e1771422eeb2b,736e936191d6c4c89a0760f864f27041a18b4426,migrado de TWRP,Identidad de blob Git con la referencia TWRP
recovery/root/vendor/etc/init/touchscreen_zte.rc,05db6368b2191189b9dd5b95218a9c22ef79d4b2,bee40dee067b26534e8b05addc56456b3078c3bc,05db6368b2191189b9dd5b95218a9c22ef79d4b2,migrado de TWRP,Identidad de blob Git con la referencia TWRP
recovery/root/vendor/etc/ssg/ta_config.json,7202d1a50fdd602b30f880c4a978dcb1b36419a0,2b09ced0621e599396534e4094e648908e3cb3a5,7202d1a50fdd602b30f880c4a978dcb1b36419a0,migrado de TWRP,Identidad de blob Git con la referencia TWRP
recovery/root/vendor/etc/ueventd.rc,b6de4efe59ad47b9ce89d4d79950f401e5bd7311,dd2de323ea1edd5dac76e3e827b323b4cdab73b0,b6de4efe59ad47b9ce89d4d79950f401e5bd7311,migrado de TWRP,Identidad de blob Git con la referencia TWRP
recovery/root/vendor/etc/vintf/manifest.xml,c92b8807e6a90dcb3551afb53b0aa393f860daac,c92b8807e6a90dcb3551afb53b0aa393f860daac,c92b8807e6a90dcb3551afb53b0aa393f860daac,sin cambios compartido,Identidad de blob Git con la referencia TWRP
recovery/root/vendor/etc/vintf/manifest/android.hardware.health-service.qti.xml,1a2ba1a86ca3a7626b8cc1ad15321f633af4825d,1a2ba1a86ca3a7626b8cc1ad15321f633af4825d,1a2ba1a86ca3a7626b8cc1ad15321f633af4825d,sin cambios compartido,Identidad de blob Git con la referencia TWRP
recovery/root/vendor/etc/vintf/manifest/android.hardware.security.keymint-service-qti.xml,b29e4947e0d5b05f323e3fc6eefa009e4755e4d8,b29e4947e0d5b05f323e3fc6eefa009e4755e4d8,b29e4947e0d5b05f323e3fc6eefa009e4755e4d8,sin cambios compartido,Identidad de blob Git con la referencia TWRP
recovery/root/vendor/etc/vintf/manifest/android.hardware.wifi.supplicant.xml,3e0647dd5988de3c0d6fdeb82e0114b7d55b365b,3e0647dd5988de3c0d6fdeb82e0114b7d55b365b,3e0647dd5988de3c0d6fdeb82e0114b7d55b365b,sin cambios compartido,Identidad de blob Git con la referencia TWRP
recovery/root/vendor/etc/vintf/manifest/boot-service.qti.xml,18e5355f37a1e5e6bb5c765f291123366b558185,18e5355f37a1e5e6bb5c765f291123366b558185,18e5355f37a1e5e6bb5c765f291123366b558185,sin cambios compartido,Identidad de blob Git con la referencia TWRP
recovery/root/vendor/etc/wifi/peach_v2/WCNSS_qcom_cfg.ini,cdeb59ad0b0315a91e1a00942f0685d14b220bdb,cdeb59ad0b0315a91e1a00942f0685d14b220bdb,cdeb59ad0b0315a91e1a00942f0685d14b220bdb,sin cambios compartido,Identidad de blob Git con la referencia TWRP
recovery/root/vendor/etc/wifi/wpa_supplicant.conf,b3fbe5f1ae09d19f3b6afff1d4e03f86904f7aae,a1c33af1abaa660478519e5a18adf2eaa900849b,b3fbe5f1ae09d19f3b6afff1d4e03f86904f7aae,migrado de TWRP,Identidad de blob Git con la referencia TWRP
recovery/root/vendor/firmware/haptic_ram.bin,1850df8a15c4fe41070a9ae55f5ce7bef70e5ecf,,1850df8a15c4fe41070a9ae55f5ce7bef70e5ecf,migrado de TWRP,Identidad de blob Git con la referencia TWRP
recovery/root/vendor/firmware/ipa_fws.b00,1208596804b1ebd599a6d2094ede4d6311483b72,1208596804b1ebd599a6d2094ede4d6311483b72,1208596804b1ebd599a6d2094ede4d6311483b72,sin cambios compartido,Identidad de blob Git con la referencia TWRP
recovery/root/vendor/firmware/ipa_fws.b01,bbc4a30a525a83a4a6f22b387c0e479814b2ac1e,bbc4a30a525a83a4a6f22b387c0e479814b2ac1e,bbc4a30a525a83a4a6f22b387c0e479814b2ac1e,sin cambios compartido,Identidad de blob Git con la referencia TWRP
recovery/root/vendor/firmware/ipa_fws.b02,4570aa1a422dab805fab393b6b8cf2096e1fd9f6,4570aa1a422dab805fab393b6b8cf2096e1fd9f6,4570aa1a422dab805fab393b6b8cf2096e1fd9f6,sin cambios compartido,Identidad de blob Git con la referencia TWRP
recovery/root/vendor/firmware/ipa_fws.b03,59c81429469c0c4e483afedc8f8cfecdbe6418de,59c81429469c0c4e483afedc8f8cfecdbe6418de,59c81429469c0c4e483afedc8f8cfecdbe6418de,sin cambios compartido,Identidad de blob Git con la referencia TWRP
recovery/root/vendor/firmware/ipa_fws.b04,10193905a11cc264c77fcdf94a2ea255a8ee03cf,10193905a11cc264c77fcdf94a2ea255a8ee03cf,10193905a11cc264c77fcdf94a2ea255a8ee03cf,sin cambios compartido,Identidad de blob Git con la referencia TWRP
recovery/root/vendor/firmware/ipa_fws.mdt,721844b658a7cc9dd78a8960abe24a4ba19fff80,721844b658a7cc9dd78a8960abe24a4ba19fff80,721844b658a7cc9dd78a8960abe24a4ba19fff80,sin cambios compartido,Identidad de blob Git con la referencia TWRP
recovery/root/vendor/firmware/peach/Data.msc,d606d2cca3b6b8a0130888cd8b51c8486347f29f,d606d2cca3b6b8a0130888cd8b51c8486347f29f,d606d2cca3b6b8a0130888cd8b51c8486347f29f,sin cambios compartido,Identidad de blob Git con la referencia TWRP
recovery/root/vendor/firmware/peach/Data20.msc,c2c9803d798257a386536bc1bf7cb106e9e97f8a,c2c9803d798257a386536bc1bf7cb106e9e97f8a,c2c9803d798257a386536bc1bf7cb106e9e97f8a,sin cambios compartido,Identidad de blob Git con la referencia TWRP
recovery/root/vendor/firmware/peach/amss20.bin,36e2714dd7ad70eba9e81b076ef2283a45060352,90c7de119a30caa2ee3d298b4a158853d2079a49,36e2714dd7ad70eba9e81b076ef2283a45060352,migrado de TWRP,Identidad de blob Git con la referencia TWRP
recovery/root/vendor/firmware/peach/aux_ucode.elf,3daea670246aedb5a816a73784e1a3a2ddf51d75,3daea670246aedb5a816a73784e1a3a2ddf51d75,3daea670246aedb5a816a73784e1a3a2ddf51d75,sin cambios compartido,Identidad de blob Git con la referencia TWRP
recovery/root/vendor/firmware/peach/aux_ucode20.elf,a4db78db46aaed1f56aa7b79e471ea7369b61097,e93ec1d1bc86fcb1affbc7e481084ab53f6bbd65,a4db78db46aaed1f56aa7b79e471ea7369b61097,migrado de TWRP,Identidad de blob Git con la referencia TWRP
recovery/root/vendor/firmware/peach/bd_o1.elf,4e91b6993f3d9c6f5787fc8266c930f9977d12c2,61baaf8aade55a8d8c08d3f0dd29448952390b50,4e91b6993f3d9c6f5787fc8266c930f9977d12c2,migrado de TWRP,Identidad de blob Git con la referencia TWRP
recovery/root/vendor/firmware/peach/bd_o11u.elf,de2e15d4f37f5454d937cbb9b62495ed11c9a41f,de2e15d4f37f5454d937cbb9b62495ed11c9a41f,de2e15d4f37f5454d937cbb9b62495ed11c9a41f,sin cambios compartido,Identidad de blob Git con la referencia TWRP
recovery/root/vendor/firmware/peach/bd_o11u_v1.elf,56b19f031aa892134ad168b2237ca89c39cb5ccf,56b19f031aa892134ad168b2237ca89c39cb5ccf,56b19f031aa892134ad168b2237ca89c39cb5ccf,sin cambios compartido,Identidad de blob Git con la referencia TWRP
recovery/root/vendor/firmware/peach/bd_o11ugl.elf,4d6181970eac794f90d1aa4fe698eabbcf4a1139,4d6181970eac794f90d1aa4fe698eabbcf4a1139,4d6181970eac794f90d1aa4fe698eabbcf4a1139,sin cambios compartido,Identidad de blob Git con la referencia TWRP
recovery/root/vendor/firmware/peach/bd_o11ugl_v1.elf,d582e61084d98a97d2d73dea128bd45aeea98376,d582e61084d98a97d2d73dea128bd45aeea98376,d582e61084d98a97d2d73dea128bd45aeea98376,sin cambios compartido,Identidad de blob Git con la referencia TWRP
recovery/root/vendor/firmware/peach/bd_o18.elf,0c53e093e04559b7039fcde55e5da9a2e8276551,a15718f47f257df4ca7794bc56fc26fe4fe8caf0,0c53e093e04559b7039fcde55e5da9a2e8276551,migrado de TWRP,Identidad de blob Git con la referencia TWRP
recovery/root/vendor/firmware/peach/bd_o18gl.elf,0c53e093e04559b7039fcde55e5da9a2e8276551,a15718f47f257df4ca7794bc56fc26fe4fe8caf0,0c53e093e04559b7039fcde55e5da9a2e8276551,migrado de TWRP,Identidad de blob Git con la referencia TWRP
recovery/root/vendor/firmware/peach/bd_o1gl.elf,897285909abd6d4672ababc2317b52bafb09c1d5,828e3412647b76beca6ea80e1160f415704ab84f,897285909abd6d4672ababc2317b52bafb09c1d5,migrado de TWRP,Identidad de blob Git con la referencia TWRP
recovery/root/vendor/firmware/peach/bd_o1in.elf,eef6a9a9a9c43ea09571da5cc51ddcfabf110cca,c1b82065e6062b6c1d99c8f0cfef84262ed16cdd,eef6a9a9a9c43ea09571da5cc51ddcfabf110cca,migrado de TWRP,Identidad de blob Git con la referencia TWRP
recovery/root/vendor/firmware/peach/bd_o2.elf,041972c4913f9cda4d6eb5a6370b25390269938e,041972c4913f9cda4d6eb5a6370b25390269938e,041972c4913f9cda4d6eb5a6370b25390269938e,sin cambios compartido,Identidad de blob Git con la referencia TWRP
recovery/root/vendor/firmware/peach/bd_o2_v1.elf,be783879b6f46bdc4fc9fafdd7d04d7c3973bf6d,be783879b6f46bdc4fc9fafdd7d04d7c3973bf6d,be783879b6f46bdc4fc9fafdd7d04d7c3973bf6d,sin cambios compartido,Identidad de blob Git con la referencia TWRP
recovery/root/vendor/firmware/peach/bd_o3.elf,9cabf9701270268ab8a4793f563eedb0326fff08,9cabf9701270268ab8a4793f563eedb0326fff08,9cabf9701270268ab8a4793f563eedb0326fff08,sin cambios compartido,Identidad de blob Git con la referencia TWRP
recovery/root/vendor/firmware/peach/bd_o3_v1.elf,e94064083343d47bcfca35af7ec8cd14972c0744,e94064083343d47bcfca35af7ec8cd14972c0744,e94064083343d47bcfca35af7ec8cd14972c0744,sin cambios compartido,Identidad de blob Git con la referencia TWRP
recovery/root/vendor/firmware/peach/bd_o3gl.elf,fb4d220206b0f1da0032aa63cc3d9d76f74c12ed,fb4d220206b0f1da0032aa63cc3d9d76f74c12ed,fb4d220206b0f1da0032aa63cc3d9d76f74c12ed,sin cambios compartido,Identidad de blob Git con la referencia TWRP
recovery/root/vendor/firmware/peach/bd_o3gl_v1.elf,387ddde3d179dde6322e54a274148737daaac2d3,387ddde3d179dde6322e54a274148737daaac2d3,387ddde3d179dde6322e54a274148737daaac2d3,sin cambios compartido,Identidad de blob Git con la referencia TWRP
recovery/root/vendor/firmware/peach/bd_o3in.elf,37f56a2f7ac5d69b892bb80b2da801657d451423,37f56a2f7ac5d69b892bb80b2da801657d451423,37f56a2f7ac5d69b892bb80b2da801657d451423,sin cambios compartido,Identidad de blob Git con la referencia TWRP
recovery/root/vendor/firmware/peach/bd_o8.elf,60efd40fec19393a5154fecd96f105a3ecd595b2,a833112c0e445945da59824e9a14b12520d22f13,60efd40fec19393a5154fecd96f105a3ecd595b2,migrado de TWRP,Identidad de blob Git con la referencia TWRP
recovery/root/vendor/firmware/peach/bd_o8gl.elf,c00f1cb90206fd62f745425e0c576fbe650463af,713386d84e30c422d09f2ac9bd71ed12fb92fb0c,c00f1cb90206fd62f745425e0c576fbe650463af,migrado de TWRP,Identidad de blob Git con la referencia TWRP
recovery/root/vendor/firmware/peach/bd_p81.elf,d5c5d97db612783c7a7124849ec2174f47c384f9,8e4c3f442cb5c3461dbebaf86798baadf8edfaa6,d5c5d97db612783c7a7124849ec2174f47c384f9,migrado de TWRP,Identidad de blob Git con la referencia TWRP
recovery/root/vendor/firmware/peach/bd_p81gl.elf,788727ab9071f75dd2d7e0dc10b3476949c6921c,788727ab9071f75dd2d7e0dc10b3476949c6921c,788727ab9071f75dd2d7e0dc10b3476949c6921c,sin cambios compartido,Identidad de blob Git con la referencia TWRP
recovery/root/vendor/firmware/peach/bdwlan.e01,c4f99178bc71bbe4460d1cbdc8c948722af51f5a,c4f99178bc71bbe4460d1cbdc8c948722af51f5a,c4f99178bc71bbe4460d1cbdc8c948722af51f5a,sin cambios compartido,Identidad de blob Git con la referencia TWRP
recovery/root/vendor/firmware/peach/bdwlan.e02,32578ab8487365efc0bf1c0e0bda69f4e692b70f,32578ab8487365efc0bf1c0e0bda69f4e692b70f,32578ab8487365efc0bf1c0e0bda69f4e692b70f,sin cambios compartido,Identidad de blob Git con la referencia TWRP
recovery/root/vendor/firmware/peach/bdwlan.e03,26fa07cea6e62221d64044d3ad652aac806ed78a,26fa07cea6e62221d64044d3ad652aac806ed78a,26fa07cea6e62221d64044d3ad652aac806ed78a,sin cambios compartido,Identidad de blob Git con la referencia TWRP
recovery/root/vendor/firmware/peach/bdwlan.e04,c75c8be37d0cb2a7e33caea5c65758f51371ba5c,c75c8be37d0cb2a7e33caea5c65758f51371ba5c,c75c8be37d0cb2a7e33caea5c65758f51371ba5c,sin cambios compartido,Identidad de blob Git con la referencia TWRP
recovery/root/vendor/firmware/peach/bdwlan.e05,392484da97dd8be64e5689193a59781e606a906d,392484da97dd8be64e5689193a59781e606a906d,392484da97dd8be64e5689193a59781e606a906d,sin cambios compartido,Identidad de blob Git con la referencia TWRP
recovery/root/vendor/firmware/peach/bdwlan.e06,30d7e7d6e2ee31bae265b6bab0eb1433755d86cb,30d7e7d6e2ee31bae265b6bab0eb1433755d86cb,30d7e7d6e2ee31bae265b6bab0eb1433755d86cb,sin cambios compartido,Identidad de blob Git con la referencia TWRP
recovery/root/vendor/firmware/peach/bdwlan.e07,19a01454c874517ece710d14992be8e3554ea2b6,19a01454c874517ece710d14992be8e3554ea2b6,19a01454c874517ece710d14992be8e3554ea2b6,sin cambios compartido,Identidad de blob Git con la referencia TWRP
recovery/root/vendor/firmware/peach/bdwlan.e09,c91e3798315d18497cace67088249b05c77bd515,c91e3798315d18497cace67088249b05c77bd515,c91e3798315d18497cace67088249b05c77bd515,sin cambios compartido,Identidad de blob Git con la referencia TWRP
recovery/root/vendor/firmware/peach/bdwlan.e0a,3da80d7f7c01ce77d7650d06690ea640b7e0ddd1,3da80d7f7c01ce77d7650d06690ea640b7e0ddd1,3da80d7f7c01ce77d7650d06690ea640b7e0ddd1,sin cambios compartido,Identidad de blob Git con la referencia TWRP
recovery/root/vendor/firmware/peach/bdwlan.e0b,0c5407f2de8498b69b30651e2557ce2a33a83cc4,0c5407f2de8498b69b30651e2557ce2a33a83cc4,0c5407f2de8498b69b30651e2557ce2a33a83cc4,sin cambios compartido,Identidad de blob Git con la referencia TWRP
recovery/root/vendor/firmware/peach/bdwlan.e0c,ecc294e618343a3bb55ba067eacd71732255848c,ecc294e618343a3bb55ba067eacd71732255848c,ecc294e618343a3bb55ba067eacd71732255848c,sin cambios compartido,Identidad de blob Git con la referencia TWRP
recovery/root/vendor/firmware/peach/bdwlan.e0d,0a18c4aeeef416fa765e3180bc6b45521dae9fae,0a18c4aeeef416fa765e3180bc6b45521dae9fae,0a18c4aeeef416fa765e3180bc6b45521dae9fae,sin cambios compartido,Identidad de blob Git con la referencia TWRP
recovery/root/vendor/firmware/peach/bdwlan.e0e,2d7f4477e1aabbd6667bd7586a9619931aa557d3,2d7f4477e1aabbd6667bd7586a9619931aa557d3,2d7f4477e1aabbd6667bd7586a9619931aa557d3,sin cambios compartido,Identidad de blob Git con la referencia TWRP
recovery/root/vendor/firmware/peach/bdwlan.e0f,3c9e34ddc4460f7a0e5fba0938153628ecb8a7f4,3c9e34ddc4460f7a0e5fba0938153628ecb8a7f4,3c9e34ddc4460f7a0e5fba0938153628ecb8a7f4,sin cambios compartido,Identidad de blob Git con la referencia TWRP
recovery/root/vendor/firmware/peach/bdwlan.e10,594ae1397063f70f0084953efff7390e7b48e800,594ae1397063f70f0084953efff7390e7b48e800,594ae1397063f70f0084953efff7390e7b48e800,sin cambios compartido,Identidad de blob Git con la referencia TWRP
recovery/root/vendor/firmware/peach/bdwlan.e11,4b5ba8933faf339d6354b85d3becd41dfc99c4ec,4b5ba8933faf339d6354b85d3becd41dfc99c4ec,4b5ba8933faf339d6354b85d3becd41dfc99c4ec,sin cambios compartido,Identidad de blob Git con la referencia TWRP
recovery/root/vendor/firmware/peach/bdwlan.e12,dcd9fdf9aa813ea72d00883b5cc84c77a0eb0192,dcd9fdf9aa813ea72d00883b5cc84c77a0eb0192,dcd9fdf9aa813ea72d00883b5cc84c77a0eb0192,sin cambios compartido,Identidad de blob Git con la referencia TWRP
recovery/root/vendor/firmware/peach/bdwlan.e13,3712d5aefac9e0904ca0f1fc462c7cb8d87cbc97,3712d5aefac9e0904ca0f1fc462c7cb8d87cbc97,3712d5aefac9e0904ca0f1fc462c7cb8d87cbc97,sin cambios compartido,Identidad de blob Git con la referencia TWRP
recovery/root/vendor/firmware/peach/bdwlan.e14,edcd6117b067edd285257291e951f06b4aa49949,edcd6117b067edd285257291e951f06b4aa49949,edcd6117b067edd285257291e951f06b4aa49949,sin cambios compartido,Identidad de blob Git con la referencia TWRP
recovery/root/vendor/firmware/peach/bdwlan.e15,bcfbd384c4cd8d831d8897391a5cde568fcf9d97,bcfbd384c4cd8d831d8897391a5cde568fcf9d97,bcfbd384c4cd8d831d8897391a5cde568fcf9d97,sin cambios compartido,Identidad de blob Git con la referencia TWRP
recovery/root/vendor/firmware/peach/bdwlan.e16,11f828ccfd203577ca678e68a23eec2fc47ac2b0,11f828ccfd203577ca678e68a23eec2fc47ac2b0,11f828ccfd203577ca678e68a23eec2fc47ac2b0,sin cambios compartido,Identidad de blob Git con la referencia TWRP
recovery/root/vendor/firmware/peach/bdwlan.e17,c428c1399a6dfd5c547296a1f46db8e6a7c64cd0,c428c1399a6dfd5c547296a1f46db8e6a7c64cd0,c428c1399a6dfd5c547296a1f46db8e6a7c64cd0,sin cambios compartido,Identidad de blob Git con la referencia TWRP
recovery/root/vendor/firmware/peach/bdwlan.e18,dd2c1d4af2343c7d08fc14a6e27bf936926b8a45,dd2c1d4af2343c7d08fc14a6e27bf936926b8a45,dd2c1d4af2343c7d08fc14a6e27bf936926b8a45,sin cambios compartido,Identidad de blob Git con la referencia TWRP
recovery/root/vendor/firmware/peach/bdwlan.e19,a8b6d2d3d6d17e909dfaebd2d47d91f3dcd3b699,a8b6d2d3d6d17e909dfaebd2d47d91f3dcd3b699,a8b6d2d3d6d17e909dfaebd2d47d91f3dcd3b699,sin cambios compartido,Identidad de blob Git con la referencia TWRP
recovery/root/vendor/firmware/peach/bdwlan.e1a,64fcf4dc214c3fa7293c55463af2e2ada5fd3646,64fcf4dc214c3fa7293c55463af2e2ada5fd3646,64fcf4dc214c3fa7293c55463af2e2ada5fd3646,sin cambios compartido,Identidad de blob Git con la referencia TWRP
recovery/root/vendor/firmware/peach/bdwlan.e1b,5ebf87eb776c9141f133872fb9564d08094d8718,5ebf87eb776c9141f133872fb9564d08094d8718,5ebf87eb776c9141f133872fb9564d08094d8718,sin cambios compartido,Identidad de blob Git con la referencia TWRP
recovery/root/vendor/firmware/peach/bdwlan.e1c,f8d8d593715c33c1e996aa382717ecfe69ee258c,f8d8d593715c33c1e996aa382717ecfe69ee258c,f8d8d593715c33c1e996aa382717ecfe69ee258c,sin cambios compartido,Identidad de blob Git con la referencia TWRP
recovery/root/vendor/firmware/peach/bdwlan.e1d,454669c4a7b0cd7620589a9382df668676de749f,454669c4a7b0cd7620589a9382df668676de749f,454669c4a7b0cd7620589a9382df668676de749f,sin cambios compartido,Identidad de blob Git con la referencia TWRP
recovery/root/vendor/firmware/peach/bdwlan.e1e,a5bccd39c6ea45a804da63f28cbde9ea5e010d78,a5bccd39c6ea45a804da63f28cbde9ea5e010d78,a5bccd39c6ea45a804da63f28cbde9ea5e010d78,sin cambios compartido,Identidad de blob Git con la referencia TWRP
recovery/root/vendor/firmware/peach/bdwlan.e1f,b3b1adca5dc633fbf6a0926eb12d333a721e08e2,b3b1adca5dc633fbf6a0926eb12d333a721e08e2,b3b1adca5dc633fbf6a0926eb12d333a721e08e2,sin cambios compartido,Identidad de blob Git con la referencia TWRP
recovery/root/vendor/firmware/peach/bdwlan.e20,9907be4cdb15f17527c98e730404e59bbe182443,9907be4cdb15f17527c98e730404e59bbe182443,9907be4cdb15f17527c98e730404e59bbe182443,sin cambios compartido,Identidad de blob Git con la referencia TWRP
recovery/root/vendor/firmware/peach/bdwlan.e21,3bfa372f7126e9cd0d5a0ffab11726807d6d48e4,3bfa372f7126e9cd0d5a0ffab11726807d6d48e4,3bfa372f7126e9cd0d5a0ffab11726807d6d48e4,sin cambios compartido,Identidad de blob Git con la referencia TWRP
recovery/root/vendor/firmware/peach/bdwlan.e22,e09b819956c690ef1fe942f2ca772733e03a543a,e09b819956c690ef1fe942f2ca772733e03a543a,e09b819956c690ef1fe942f2ca772733e03a543a,sin cambios compartido,Identidad de blob Git con la referencia TWRP
recovery/root/vendor/firmware/peach/bdwlan.e23,ca4e6b846982278be1ce6b0f7c2792d8daa5ef98,ca4e6b846982278be1ce6b0f7c2792d8daa5ef98,ca4e6b846982278be1ce6b0f7c2792d8daa5ef98,sin cambios compartido,Identidad de blob Git con la referencia TWRP
recovery/root/vendor/firmware/peach/bdwlan.e24,d874d9f8ac2a62a04b1216dea3b8713f38a2949e,d874d9f8ac2a62a04b1216dea3b8713f38a2949e,d874d9f8ac2a62a04b1216dea3b8713f38a2949e,sin cambios compartido,Identidad de blob Git con la referencia TWRP
recovery/root/vendor/firmware/peach/bdwlan.e25,8d23f38defbacbf163f8731d6398a32f3509a3a8,8d23f38defbacbf163f8731d6398a32f3509a3a8,8d23f38defbacbf163f8731d6398a32f3509a3a8,sin cambios compartido,Identidad de blob Git con la referencia TWRP
recovery/root/vendor/firmware/peach/bdwlan.e26,5ceba421e47c76309436282dcb692b357b59e210,5ceba421e47c76309436282dcb692b357b59e210,5ceba421e47c76309436282dcb692b357b59e210,sin cambios compartido,Identidad de blob Git con la referencia TWRP
recovery/root/vendor/firmware/peach/bdwlan.e27,a0612fa584e741d1db61869566cbbceb5f6ebabc,a0612fa584e741d1db61869566cbbceb5f6ebabc,a0612fa584e741d1db61869566cbbceb5f6ebabc,sin cambios compartido,Identidad de blob Git con la referencia TWRP
recovery/root/vendor/firmware/peach/bdwlan.e29,26fdcfaaf7740237fa99f76b0d71948a42df59ac,26fdcfaaf7740237fa99f76b0d71948a42df59ac,26fdcfaaf7740237fa99f76b0d71948a42df59ac,sin cambios compartido,Identidad de blob Git con la referencia TWRP
recovery/root/vendor/firmware/peach/bdwlan.e2a,83e9d4327c865da81787315a4cfd70891b4b1ccb,83e9d4327c865da81787315a4cfd70891b4b1ccb,83e9d4327c865da81787315a4cfd70891b4b1ccb,sin cambios compartido,Identidad de blob Git con la referencia TWRP
recovery/root/vendor/firmware/peach/bdwlan.e2b,ff94b08333eda4e3c3f724f2d1b77d6a96676194,ff94b08333eda4e3c3f724f2d1b77d6a96676194,ff94b08333eda4e3c3f724f2d1b77d6a96676194,sin cambios compartido,Identidad de blob Git con la referencia TWRP
recovery/root/vendor/firmware/peach/bdwlan.e2c,93f308e0f63786829c6b516c080ac295a58c7e54,93f308e0f63786829c6b516c080ac295a58c7e54,93f308e0f63786829c6b516c080ac295a58c7e54,sin cambios compartido,Identidad de blob Git con la referencia TWRP
recovery/root/vendor/firmware/peach/bdwlan.e2d,b3135e214c7bf7fe5661710e382cdb9ce811188e,b3135e214c7bf7fe5661710e382cdb9ce811188e,b3135e214c7bf7fe5661710e382cdb9ce811188e,sin cambios compartido,Identidad de blob Git con la referencia TWRP
recovery/root/vendor/firmware/peach/bdwlan.e2e,631887f43b831c87017b2ba9dfb4f45d5d03c5d9,631887f43b831c87017b2ba9dfb4f45d5d03c5d9,631887f43b831c87017b2ba9dfb4f45d5d03c5d9,sin cambios compartido,Identidad de blob Git con la referencia TWRP
recovery/root/vendor/firmware/peach/bdwlan.e2f,2197578eb17cb8318ee32bc00e791eddac243050,2197578eb17cb8318ee32bc00e791eddac243050,2197578eb17cb8318ee32bc00e791eddac243050,sin cambios compartido,Identidad de blob Git con la referencia TWRP
recovery/root/vendor/firmware/peach/bdwlan.e30,0c7c0e998e29a20fbfaceb83b0d2ebdb9c4a6368,0c7c0e998e29a20fbfaceb83b0d2ebdb9c4a6368,0c7c0e998e29a20fbfaceb83b0d2ebdb9c4a6368,sin cambios compartido,Identidad de blob Git con la referencia TWRP
recovery/root/vendor/firmware/peach/bdwlan.e31,8ee516a1ddff14bff60d589f508bbcebf843afae,8ee516a1ddff14bff60d589f508bbcebf843afae,8ee516a1ddff14bff60d589f508bbcebf843afae,sin cambios compartido,Identidad de blob Git con la referencia TWRP
recovery/root/vendor/firmware/peach/bdwlan.e32,2a64c4053ce801a3370a772db02d66660b2ad720,2a64c4053ce801a3370a772db02d66660b2ad720,2a64c4053ce801a3370a772db02d66660b2ad720,sin cambios compartido,Identidad de blob Git con la referencia TWRP
recovery/root/vendor/firmware/peach/bdwlan.e33,754a9d7250d466e9b25a5082657b904f1d18e099,754a9d7250d466e9b25a5082657b904f1d18e099,754a9d7250d466e9b25a5082657b904f1d18e099,sin cambios compartido,Identidad de blob Git con la referencia TWRP
recovery/root/vendor/firmware/peach/bdwlan.e34,167bea67aff3375c45105f7434ba736dfe0ab37c,167bea67aff3375c45105f7434ba736dfe0ab37c,167bea67aff3375c45105f7434ba736dfe0ab37c,sin cambios compartido,Identidad de blob Git con la referencia TWRP
recovery/root/vendor/firmware/peach/bdwlan.e35,5a87ad6667a99d662f97cec012811118475b3169,5a87ad6667a99d662f97cec012811118475b3169,5a87ad6667a99d662f97cec012811118475b3169,sin cambios compartido,Identidad de blob Git con la referencia TWRP
recovery/root/vendor/firmware/peach/bdwlan.e36,026488785f9bd10bf481d601515d3ac333d94b09,026488785f9bd10bf481d601515d3ac333d94b09,026488785f9bd10bf481d601515d3ac333d94b09,sin cambios compartido,Identidad de blob Git con la referencia TWRP
recovery/root/vendor/firmware/peach/bdwlan.e37,87ecd5280acc117f12313bd61209df97cd593acf,87ecd5280acc117f12313bd61209df97cd593acf,87ecd5280acc117f12313bd61209df97cd593acf,sin cambios compartido,Identidad de blob Git con la referencia TWRP
recovery/root/vendor/firmware/peach/bdwlan.e38,5d9099e122ea0ad458dfbe56d8de8358c813a9da,5d9099e122ea0ad458dfbe56d8de8358c813a9da,5d9099e122ea0ad458dfbe56d8de8358c813a9da,sin cambios compartido,Identidad de blob Git con la referencia TWRP
recovery/root/vendor/firmware/peach/bdwlan.e39,afbcd24a4381234506018c2ff51dcf72127e0964,afbcd24a4381234506018c2ff51dcf72127e0964,afbcd24a4381234506018c2ff51dcf72127e0964,sin cambios compartido,Identidad de blob Git con la referencia TWRP
recovery/root/vendor/firmware/peach/bdwlan.e3a,59be21f805aac3947b98c78e15c889ec464d76a7,59be21f805aac3947b98c78e15c889ec464d76a7,59be21f805aac3947b98c78e15c889ec464d76a7,sin cambios compartido,Identidad de blob Git con la referencia TWRP
recovery/root/vendor/firmware/peach/bdwlan.e3b,ebef9573c9f4f0523b4e8b098e92b8d75c181cf4,ebef9573c9f4f0523b4e8b098e92b8d75c181cf4,ebef9573c9f4f0523b4e8b098e92b8d75c181cf4,sin cambios compartido,Identidad de blob Git con la referencia TWRP
recovery/root/vendor/firmware/peach/bdwlan.e3c,2a1787dd9de7e7c97e0aa723fd00b076958c7818,2a1787dd9de7e7c97e0aa723fd00b076958c7818,2a1787dd9de7e7c97e0aa723fd00b076958c7818,sin cambios compartido,Identidad de blob Git con la referencia TWRP
recovery/root/vendor/firmware/peach/bdwlan.e3d,b9a74c2b30b3b93d980f3bd27d79d36f5dcc4a8d,b9a74c2b30b3b93d980f3bd27d79d36f5dcc4a8d,b9a74c2b30b3b93d980f3bd27d79d36f5dcc4a8d,sin cambios compartido,Identidad de blob Git con la referencia TWRP
recovery/root/vendor/firmware/peach/bdwlan.elf,4ecb251bc3d3f457e8431a77ba3323a98cad74b7,4ecb251bc3d3f457e8431a77ba3323a98cad74b7,4ecb251bc3d3f457e8431a77ba3323a98cad74b7,sin cambios compartido,Identidad de blob Git con la referencia TWRP
recovery/root/vendor/firmware/peach/phy_ucode.elf,4056819edf459a103a7f828327e30b80a89a5070,52f78067494a810a69edf3b548500fcc3607f8fc,4056819edf459a103a7f828327e30b80a89a5070,migrado de TWRP,Identidad de blob Git con la referencia TWRP
recovery/root/vendor/firmware/peach/phy_ucode20.elf,e1dffdadcd82007b2e20d640fdf403c13bf1ba0f,5ffa470f1e92de4453e86ca7622f614293ada83a,e1dffdadcd82007b2e20d640fdf403c13bf1ba0f,migrado de TWRP,Identidad de blob Git con la referencia TWRP
recovery/root/vendor/firmware/peach/qdss_trace_config_v1.cfg,d997858a21f031d0794b9171de769cfa8da29094,d997858a21f031d0794b9171de769cfa8da29094,d997858a21f031d0794b9171de769cfa8da29094,sin cambios compartido,Identidad de blob Git con la referencia TWRP
recovery/root/vendor/firmware/peach/qdss_trace_config_v2.cfg,8c9921acfb96a385b4db0e76e0d3ab6574399a2e,8c9921acfb96a385b4db0e76e0d3ab6574399a2e,8c9921acfb96a385b4db0e76e0d3ab6574399a2e,sin cambios compartido,Identidad de blob Git con la referencia TWRP
recovery/root/vendor/firmware/peach/regdb.bin,e7d39c279c1d1e4b0e821b782c3e65062844c6d7,e7d39c279c1d1e4b0e821b782c3e65062844c6d7,e7d39c279c1d1e4b0e821b782c3e65062844c6d7,sin cambios compartido,Identidad de blob Git con la referencia TWRP
recovery/root/vendor/lib64/android.frameworks.sensorservice-V1-ndk.so,ef5225285b8cdb04949afd2abd8b4a93598b9fea,ef5225285b8cdb04949afd2abd8b4a93598b9fea,ef5225285b8cdb04949afd2abd8b4a93598b9fea,sin cambios compartido,Identidad de blob Git con la referencia TWRP
recovery/root/vendor/lib64/android.frameworks.sensorservice@1.0.so,77feafc0d24a7dc8446502e5a6b66b3c64729b0d,f3987c22dad26f8ccb071372768fbf44005f8ebf,77feafc0d24a7dc8446502e5a6b66b3c64729b0d,migrado de TWRP,Identidad de blob Git con la referencia TWRP
recovery/root/vendor/lib64/android.hardware.common-V2-ndk.so,5d7a70df1a0d1600b41dace7e8e987e803989163,5d7a70df1a0d1600b41dace7e8e987e803989163,5d7a70df1a0d1600b41dace7e8e987e803989163,sin cambios compartido,Identidad de blob Git con la referencia TWRP
recovery/root/vendor/lib64/android.hardware.common.fmq-V1-ndk.so,7c85599ca9371001eba95c4c6f6b42975e361753,7c85599ca9371001eba95c4c6f6b42975e361753,7c85599ca9371001eba95c4c6f6b42975e361753,sin cambios compartido,Identidad de blob Git con la referencia TWRP
recovery/root/vendor/lib64/android.hardware.gatekeeper-V1-ndk.so,c8f1b1efed8ad82a3e45d712470e0360ee7154c3,c8f1b1efed8ad82a3e45d712470e0360ee7154c3,c8f1b1efed8ad82a3e45d712470e0360ee7154c3,sin cambios compartido,Identidad de blob Git con la referencia TWRP
recovery/root/vendor/lib64/android.hardware.security.keymint-V1-ndk.so,4c62b335667ae5157ac9b600b462ec842e8e2f7a,4c62b335667ae5157ac9b600b462ec842e8e2f7a,4c62b335667ae5157ac9b600b462ec842e8e2f7a,sin cambios compartido,Identidad de blob Git con la referencia TWRP
recovery/root/vendor/lib64/android.hardware.security.keymint-V3-ndk.so,4e29a77611cedd15416c00be5b58c2017ebe903f,4e29a77611cedd15416c00be5b58c2017ebe903f,4e29a77611cedd15416c00be5b58c2017ebe903f,sin cambios compartido,Identidad de blob Git con la referencia TWRP
recovery/root/vendor/lib64/android.hardware.security.rkp-V3-ndk.so,f4a125378166b13f14eb1e24ad5e2068950dab0c,f4a125378166b13f14eb1e24ad5e2068950dab0c,f4a125378166b13f14eb1e24ad5e2068950dab0c,sin cambios compartido,Identidad de blob Git con la referencia TWRP
recovery/root/vendor/lib64/android.hardware.security.secureclock-V1-ndk.so,b816fcf15e94dd9ba932ed5314b54e202b766d2a,b816fcf15e94dd9ba932ed5314b54e202b766d2a,b816fcf15e94dd9ba932ed5314b54e202b766d2a,sin cambios compartido,Identidad de blob Git con la referencia TWRP
recovery/root/vendor/lib64/android.hardware.security.sharedsecret-V1-ndk.so,5213f819f936a2e6f50d177859932675d009ee6c,5213f819f936a2e6f50d177859932675d009ee6c,5213f819f936a2e6f50d177859932675d009ee6c,sin cambios compartido,Identidad de blob Git con la referencia TWRP
recovery/root/vendor/lib64/android.hardware.sensors-V2-ndk.so,967cbe6375b15dbeea94d3a7368933c73a01430e,967cbe6375b15dbeea94d3a7368933c73a01430e,967cbe6375b15dbeea94d3a7368933c73a01430e,sin cambios compartido,Identidad de blob Git con la referencia TWRP
recovery/root/vendor/lib64/android.hardware.sensors@1.0.so,90842ab7a821fed24321e85a4da6477b5927ebe3,90842ab7a821fed24321e85a4da6477b5927ebe3,90842ab7a821fed24321e85a4da6477b5927ebe3,sin cambios compartido,Identidad de blob Git con la referencia TWRP
recovery/root/vendor/lib64/android.hardware.sensors@2.0.so,5546ec693815b5a55bef8c76b9ce0dfa54b041c8,5546ec693815b5a55bef8c76b9ce0dfa54b041c8,5546ec693815b5a55bef8c76b9ce0dfa54b041c8,sin cambios compartido,Identidad de blob Git con la referencia TWRP
recovery/root/vendor/lib64/android.hardware.wifi.common-V1-ndk.so,a34180e6a9b656dacbb0c5b8bf4f45e3ab7b7070,a34180e6a9b656dacbb0c5b8bf4f45e3ab7b7070,a34180e6a9b656dacbb0c5b8bf4f45e3ab7b7070,sin cambios compartido,Identidad de blob Git con la referencia TWRP
recovery/root/vendor/lib64/android.hardware.wifi.supplicant-V3-ndk.so,3e4d4ba7d8639dac931d1710260e4c683449e2ba,8f351d8ca6392d4eb8976bf9126f38828d4f195c,3e4d4ba7d8639dac931d1710260e4c683449e2ba,migrado de TWRP,Identidad de blob Git con la referencia TWRP
recovery/root/vendor/lib64/android.system.keystore2-V1-ndk.so,38ab864b0bfa13bde1ee9e95157e3f7a292f1a55,38ab864b0bfa13bde1ee9e95157e3f7a292f1a55,38ab864b0bfa13bde1ee9e95157e3f7a292f1a55,sin cambios compartido,Identidad de blob Git con la referencia TWRP
recovery/root/vendor/lib64/hw/libqtigatekeeper.so,0c3690efd1edeedfa709f15419f8bf8b965649df,01568b5c452a5fc7fdfc92a7828721ac5be87c3b,0c3690efd1edeedfa709f15419f8bf8b965649df,migrado de TWRP,Identidad de blob Git con la referencia TWRP
recovery/root/vendor/lib64/libGPMTEEC_vendor.so,be00035c65d6843a7f0259939316304ecf360e33,be00035c65d6843a7f0259939316304ecf360e33,be00035c65d6843a7f0259939316304ecf360e33,sin cambios compartido,Identidad de blob Git con la referencia TWRP
recovery/root/vendor/lib64/libGPTEE_vendor.so,72ceb40d0aacc3a6b2ccea6c2df5f8d8d0071e82,72ceb40d0aacc3a6b2ccea6c2df5f8d8d0071e82,72ceb40d0aacc3a6b2ccea6c2df5f8d8d0071e82,sin cambios compartido,Identidad de blob Git con la referencia TWRP
recovery/root/vendor/lib64/libGPreqcancel.so,4711d37d0c76837d5facb8c5cc03920528a94c0f,4711d37d0c76837d5facb8c5cc03920528a94c0f,4711d37d0c76837d5facb8c5cc03920528a94c0f,sin cambios compartido,Identidad de blob Git con la referencia TWRP
recovery/root/vendor/lib64/libGPreqcancel_svc.so,6853cf4193c454c6bcf320843c60e685e90cbc7a,6853cf4193c454c6bcf320843c60e685e90cbc7a,6853cf4193c454c6bcf320843c60e685e90cbc7a,sin cambios compartido,Identidad de blob Git con la referencia TWRP
recovery/root/vendor/lib64/libQSEEComAPI.so,97619b87ac1d94185372e616509ac8ba2642ceec,97619b87ac1d94185372e616509ac8ba2642ceec,97619b87ac1d94185372e616509ac8ba2642ceec,sin cambios compartido,Identidad de blob Git con la referencia TWRP
recovery/root/vendor/lib64/lib_android_keymaster_keymint_utils.so,f5e6493d3ce6c9142774bf0b10994ff40b287e07,f5e6493d3ce6c9142774bf0b10994ff40b287e07,f5e6493d3ce6c9142774bf0b10994ff40b287e07,sin cambios compartido,Identidad de blob Git con la referencia TWRP
recovery/root/vendor/lib64/libagmdevice.so,8efdd16c5beae0f317bf68e64124f279d4e11bc9,8efdd16c5beae0f317bf68e64124f279d4e11bc9,8efdd16c5beae0f317bf68e64124f279d4e11bc9,sin cambios compartido,Identidad de blob Git con la referencia TWRP
recovery/root/vendor/lib64/libagmmixer.so,a9872737fca6253b47ef0fbcd2c8e5f91c4b8b20,0af7d5f8141f70f82133a1ae1d5f56db03ca3aa9,a9872737fca6253b47ef0fbcd2c8e5f91c4b8b20,migrado de TWRP,Identidad de blob Git con la referencia TWRP
recovery/root/vendor/lib64/libapexsupport.so,84e37551ce183dc06299a824ec99c2a751cb38b6,84e37551ce183dc06299a824ec99c2a751cb38b6,84e37551ce183dc06299a824ec99c2a751cb38b6,sin cambios compartido,Identidad de blob Git con la referencia TWRP
recovery/root/vendor/lib64/libbase-sdk35.so,f3223a9c18ada95a4dcd4283b7dd667c71d2b22b,82b02583c86e77e5218ac85fb22cdf4de9524ac3,f3223a9c18ada95a4dcd4283b7dd667c71d2b22b,migrado de TWRP,Identidad de blob Git con la referencia TWRP
recovery/root/vendor/lib64/libbinder_ndk-sdk35.so,80ba8bf45e07fc722916103a352b1bb90451e015,bce2da5a339e2f62eaaf8c164d9f1545a2e7f733,80ba8bf45e07fc722916103a352b1bb90451e015,migrado de TWRP,Identidad de blob Git con la referencia TWRP
recovery/root/vendor/lib64/libboot_control_qti.so,7cee61b90439e56fa571353f779f8961e03f34ef,9298a077704500f356ebb569ab3758959db90f0e,7cee61b90439e56fa571353f779f8961e03f34ef,migrado de TWRP,Identidad de blob Git con la referencia TWRP
recovery/root/vendor/lib64/libconfigdb.so,18c1290b0d8a3d8f3b5dfb3bca47538298826459,18c1290b0d8a3d8f3b5dfb3bca47538298826459,18c1290b0d8a3d8f3b5dfb3bca47538298826459,sin cambios compartido,Identidad de blob Git con la referencia TWRP
recovery/root/vendor/lib64/libcppbor.so,43db5936019319cd00ec80c987d162b6645646b3,43db5936019319cd00ec80c987d162b6645646b3,43db5936019319cd00ec80c987d162b6645646b3,sin cambios compartido,Identidad de blob Git con la referencia TWRP
recovery/root/vendor/lib64/libcppbor_external.so,494f043ee752e27129c1824b9158d3ff7c154035,494f043ee752e27129c1824b9158d3ff7c154035,494f043ee752e27129c1824b9158d3ff7c154035,sin cambios compartido,Identidad de blob Git con la referencia TWRP
recovery/root/vendor/lib64/libcppcose_rkp.so,067994079ce81a96483cc45fab712a9cd68fb995,067994079ce81a96483cc45fab712a9cd68fb995,067994079ce81a96483cc45fab712a9cd68fb995,sin cambios compartido,Identidad de blob Git con la referencia TWRP
recovery/root/vendor/lib64/libcrypto-sdk35.so,4f96d1af45c0e4106fc5438d2c23e4661abcb4e2,56630cd2c91f0b3afd08392f55f44e4b4ed6a1b9,4f96d1af45c0e4106fc5438d2c23e4661abcb4e2,migrado de TWRP,Identidad de blob Git con la referencia TWRP
recovery/root/vendor/lib64/libcxx.so,631033b714680fa8172e591065aa737f1e384772,c72d029c3bb8ebd5abd24318c8d32ef9a4c320e6,631033b714680fa8172e591065aa737f1e384772,migrado de TWRP,Identidad de blob Git con la referencia TWRP
recovery/root/vendor/lib64/libdiag.so,ee4d92f0a33de7257832c395f22a7bb40b73c00e,3e9c7437594375cf08f909406d24537473aa2f36,ee4d92f0a33de7257832c395f22a7bb40b73c00e,migrado de TWRP,Identidad de blob Git con la referencia TWRP
recovery/root/vendor/lib64/libdisplayconfig.qti.so,720af9ebad772075197ad9c728a37bbc027ffe33,1ecb25663a9d7249369506b7ca770b351935d01c,720af9ebad772075197ad9c728a37bbc027ffe33,migrado de TWRP,Identidad de blob Git con la referencia TWRP
recovery/root/vendor/lib64/libdmabufheap.so,b4e82e9c5898a2796b03d7a731aef6b5743251c0,919b017130b34a84f99f3fe31f98fe8c06d87f07,b4e82e9c5898a2796b03d7a731aef6b5743251c0,migrado de TWRP,Identidad de blob Git con la referencia TWRP
recovery/root/vendor/lib64/libdrm.so,5a4fb85dff96dcc54cf6e054335fe09ffcc37594,5a4fb85dff96dcc54cf6e054335fe09ffcc37594,5a4fb85dff96dcc54cf6e054335fe09ffcc37594,sin cambios compartido,Identidad de blob Git con la referencia TWRP
recovery/root/vendor/lib64/libdrmfs.so,3b98e58bdb8bcbcc08d725272a3f2a927b0e0844,3b98e58bdb8bcbcc08d725272a3f2a927b0e0844,3b98e58bdb8bcbcc08d725272a3f2a927b0e0844,sin cambios compartido,Identidad de blob Git con la referencia TWRP
recovery/root/vendor/lib64/libdrmtime.so,bcf9d3e68d9a54b034512bd1a0dc3420aad0980a,bcf9d3e68d9a54b034512bd1a0dc3420aad0980a,bcf9d3e68d9a54b034512bd1a0dc3420aad0980a,sin cambios compartido,Identidad de blob Git con la referencia TWRP
recovery/root/vendor/lib64/libdsi_netctrl.so,a6a2473c82687f3a0765c542c80df30e0441072b,302a0677452efe7486ca9d7607ccbfee13b6e139,a6a2473c82687f3a0765c542c80df30e0441072b,migrado de TWRP,Identidad de blob Git con la referencia TWRP
recovery/root/vendor/lib64/libdsutils.so,6d5a9c4a705d35c6da038218d6bd32f4116b15ce,6d5a9c4a705d35c6da038218d6bd32f4116b15ce,6d5a9c4a705d35c6da038218d6bd32f4116b15ce,sin cambios compartido,Identidad de blob Git con la referencia TWRP
recovery/root/vendor/lib64/libexpat.so,033be5d929a64ac0835bfed2ee3d1803bb5c2157,239b5bb04fb8c06e6c12d198a92c3a165ff727be,033be5d929a64ac0835bfed2ee3d1803bb5c2157,migrado de TWRP,Identidad de blob Git con la referencia TWRP
recovery/root/vendor/lib64/libfmq.so,819d7fe328ac4c6e0e6055ff2a3efe90de14fc89,819d7fe328ac4c6e0e6055ff2a3efe90de14fc89,819d7fe328ac4c6e0e6055ff2a3efe90de14fc89,sin cambios compartido,Identidad de blob Git con la referencia TWRP
recovery/root/vendor/lib64/libgdix_afeH018AM2900.so,c594743bd8f732f61788ea250fa2db4cf331930b,c594743bd8f732f61788ea250fa2db4cf331930b,c594743bd8f732f61788ea250fa2db4cf331930b,sin cambios compartido,Identidad de blob Git con la referencia TWRP
recovery/root/vendor/lib64/libgdix_tsa.so,67364dbb78f8672300bde8036d8f9cd682213551,fc1d0668f17dd7d36e44ae0902ea10d7ad5cfa35,67364dbb78f8672300bde8036d8f9cd682213551,migrado de TWRP,Identidad de blob Git con la referencia TWRP
recovery/root/vendor/lib64/libgdix_tsc.so,ddedcd4130d2717d1b0d2f1003bc22b90a00f750,ddedcd4130d2717d1b0d2f1003bc22b90a00f750,ddedcd4130d2717d1b0d2f1003bc22b90a00f750,sin cambios compartido,Identidad de blob Git con la referencia TWRP
recovery/root/vendor/lib64/libgdix_tsd.so,4577319fc9a6d7fe2bb12bd199995d75ca41c585,4577319fc9a6d7fe2bb12bd199995d75ca41c585,4577319fc9a6d7fe2bb12bd199995d75ca41c585,sin cambios compartido,Identidad de blob Git con la referencia TWRP
recovery/root/vendor/lib64/libgpt.so,22fe702a21c8a7a4bd8b75535c053395895c43be,22fe702a21c8a7a4bd8b75535c053395895c43be,22fe702a21c8a7a4bd8b75535c053395895c43be,sin cambios compartido,Identidad de blob Git con la referencia TWRP
recovery/root/vendor/lib64/libidl.so,ee452d0c3990e14b9f5059bf8d71bdbdc22de800,9dd36dd25b8accb44951592b08ec81c07fbf4b16,ee452d0c3990e14b9f5059bf8d71bdbdc22de800,migrado de TWRP,Identidad de blob Git con la referencia TWRP
recovery/root/vendor/lib64/libion.so,9b5dd7008a77c08ae3b3cffd68dd63321e54b8c0,9b5dd7008a77c08ae3b3cffd68dd63321e54b8c0,9b5dd7008a77c08ae3b3cffd68dd63321e54b8c0,sin cambios compartido,Identidad de blob Git con la referencia TWRP
recovery/root/vendor/lib64/libkeymaster_messages.so,9e957d7bfd684289541946908e33cbd8e15472b9,9e957d7bfd684289541946908e33cbd8e15472b9,9e957d7bfd684289541946908e33cbd8e15472b9,sin cambios compartido,Identidad de blob Git con la referencia TWRP
recovery/root/vendor/lib64/libkeymaster_portable.so,b1d26b9137e88de0836aed86244d2afc4958f93f,14a309697333e28c5b69f0153600b16bc6fefe16,b1d26b9137e88de0836aed86244d2afc4958f93f,migrado de TWRP,Identidad de blob Git con la referencia TWRP
recovery/root/vendor/lib64/libkeymasterdeviceutils.so,cb7268d1fdf9b19cb8c9cddc3349285c122ad1e2,a0bf9fb5be7d4cc60e00fd4837393fd212d22e67,cb7268d1fdf9b19cb8c9cddc3349285c122ad1e2,migrado de TWRP,Identidad de blob Git con la referencia TWRP
recovery/root/vendor/lib64/libkeymasterprovision.so,66480ab651af3f5ea36b03748fee3346b1753d5e,66480ab651af3f5ea36b03748fee3346b1753d5e,66480ab651af3f5ea36b03748fee3346b1753d5e,sin cambios compartido,Identidad de blob Git con la referencia TWRP
recovery/root/vendor/lib64/libkeymasterutils.so,bcba4f4507e8e01a703a43dd4f2bfcb5d722bac9,bcba4f4507e8e01a703a43dd4f2bfcb5d722bac9,bcba4f4507e8e01a703a43dd4f2bfcb5d722bac9,sin cambios compartido,Identidad de blob Git con la referencia TWRP
recovery/root/vendor/lib64/libmdmdetect.so,53df2131c9409ed4f5f566bc12d3da3a8140b649,53df2131c9409ed4f5f566bc12d3da3a8140b649,53df2131c9409ed4f5f566bc12d3da3a8140b649,sin cambios compartido,Identidad de blob Git con la referencia TWRP
recovery/root/vendor/lib64/libmemunreachable.so,78368a9dacf47ea20220c72f81f9b8e1ab3654ad,718bf0761bc250494e38e5cb367cfbc3bdf2e46a,78368a9dacf47ea20220c72f81f9b8e1ab3654ad,migrado de TWRP,Identidad de blob Git con la referencia TWRP
recovery/root/vendor/lib64/libminkdescriptor.so,b151786d84086916843078d72a20a9934169a464,b151786d84086916843078d72a20a9934169a464,b151786d84086916843078d72a20a9934169a464,sin cambios compartido,Identidad de blob Git con la referencia TWRP
recovery/root/vendor/lib64/libminksocket_vendor.so,b4fa44396d4beeaf1bc98d95ba375630ae82661f,b4fa44396d4beeaf1bc98d95ba375630ae82661f,b4fa44396d4beeaf1bc98d95ba375630ae82661f,sin cambios compartido,Identidad de blob Git con la referencia TWRP
recovery/root/vendor/lib64/libnetutils.so,1e2ac706cce06eaa4b08eea8bde55740f8d48f42,1e2ac706cce06eaa4b08eea8bde55740f8d48f42,1e2ac706cce06eaa4b08eea8bde55740f8d48f42,sin cambios compartido,Identidad de blob Git con la referencia TWRP
recovery/root/vendor/lib64/libnicm.so,5b6692d4fd1f758f57b6d1a743c748b27288b4d8,5b6692d4fd1f758f57b6d1a743c748b27288b4d8,5b6692d4fd1f758f57b6d1a743c748b27288b4d8,sin cambios compartido,Identidad de blob Git con la referencia TWRP
recovery/root/vendor/lib64/libnicm_dsi.so,c85cb77b98d672d90c77bec9adca773e2e288e31,c85cb77b98d672d90c77bec9adca773e2e288e31,c85cb77b98d672d90c77bec9adca773e2e288e31,sin cambios compartido,Identidad de blob Git con la referencia TWRP
recovery/root/vendor/lib64/libnicm_utils.so,0d5b5ff3b4e0e956c34bea58fd0a90cb7f5c192a,09da0d60c52bcaeccd6b54d2e43aee9d16c1c9e8,0d5b5ff3b4e0e956c34bea58fd0a90cb7f5c192a,migrado de TWRP,Identidad de blob Git con la referencia TWRP
recovery/root/vendor/lib64/libops.so,7ea03fd7c0c0d2b74140fa9d15b54daf0fc81479,25a4bb0cc5337e67e42322c563eaff9ba6ff73d7,7ea03fd7c0c0d2b74140fa9d15b54daf0fc81479,migrado de TWRP,Identidad de blob Git con la referencia TWRP
recovery/root/vendor/lib64/libpalclient.so,0e4916a9046be07a1843e9b5037a8a45a73bf116,f8a57a770cde9d43a77ec6ae41911174dc669c26,0e4916a9046be07a1843e9b5037a8a45a73bf116,migrado de TWRP,Identidad de blob Git con la referencia TWRP
recovery/root/vendor/lib64/libqcbor.so,34cf42f095683ecde5cd5e6aea83cbb73d727d89,34cf42f095683ecde5cd5e6aea83cbb73d727d89,34cf42f095683ecde5cd5e6aea83cbb73d727d89,sin cambios compartido,Identidad de blob Git con la referencia TWRP
recovery/root/vendor/lib64/libqdi.so,670fdc5bb599c8c61f58e79f76a0dd97a8e5a1db,b44da793ee49f911e472d5cffd34aff0cba870ab,670fdc5bb599c8c61f58e79f76a0dd97a8e5a1db,migrado de TWRP,Identidad de blob Git con la referencia TWRP
recovery/root/vendor/lib64/libqdutils.so,b51d7217eb1672b9e45fd004748737a702d5b5c9,b51d7217eb1672b9e45fd004748737a702d5b5c9,b51d7217eb1672b9e45fd004748737a702d5b5c9,sin cambios compartido,Identidad de blob Git con la referencia TWRP
recovery/root/vendor/lib64/libqisl.so,1eb025ea4b7db465c5c6f3098dbe1514824464ef,1eb025ea4b7db465c5c6f3098dbe1514824464ef,1eb025ea4b7db465c5c6f3098dbe1514824464ef,sin cambios compartido,Identidad de blob Git con la referencia TWRP
recovery/root/vendor/lib64/libqmi.so,b8c013f2248e3d5591a6bd3206394a754add7e98,1d1f846b14c2e30dcfe35dd0066554ea7d290ecb,b8c013f2248e3d5591a6bd3206394a754add7e98,migrado de TWRP,Identidad de blob Git con la referencia TWRP
recovery/root/vendor/lib64/libqmi_cci.so,6b01a7249fbff8fbbb3dced9a7210ee288af1680,6b01a7249fbff8fbbb3dced9a7210ee288af1680,6b01a7249fbff8fbbb3dced9a7210ee288af1680,sin cambios compartido,Identidad de blob Git con la referencia TWRP
recovery/root/vendor/lib64/libqmi_client_helper.so,2fcaeb1498a3adee04f9d74974e5d049deda8980,2fcaeb1498a3adee04f9d74974e5d049deda8980,2fcaeb1498a3adee04f9d74974e5d049deda8980,sin cambios compartido,Identidad de blob Git con la referencia TWRP
recovery/root/vendor/lib64/libqmi_client_qmux.so,89d44dc0366c35d471979245cff65853ac6c2f94,89d44dc0366c35d471979245cff65853ac6c2f94,89d44dc0366c35d471979245cff65853ac6c2f94,sin cambios compartido,Identidad de blob Git con la referencia TWRP
recovery/root/vendor/lib64/libqmi_common_so.so,0841d488ac4def1b448c9f1d777edcef6231cbea,0841d488ac4def1b448c9f1d777edcef6231cbea,0841d488ac4def1b448c9f1d777edcef6231cbea,sin cambios compartido,Identidad de blob Git con la referencia TWRP
recovery/root/vendor/lib64/libqmi_csi.so,ce0d7671dd9c89bcb9a50e9fc77ab54217d3dcb6,ce0d7671dd9c89bcb9a50e9fc77ab54217d3dcb6,ce0d7671dd9c89bcb9a50e9fc77ab54217d3dcb6,sin cambios compartido,Identidad de blob Git con la referencia TWRP
recovery/root/vendor/lib64/libqmi_encdec.so,f98a50b4d6046f406e7236f80e38bce4e590afa3,f98a50b4d6046f406e7236f80e38bce4e590afa3,f98a50b4d6046f406e7236f80e38bce4e590afa3,sin cambios compartido,Identidad de blob Git con la referencia TWRP
recovery/root/vendor/lib64/libqmiservices.so,d0f652e17d2ce734dd5ce9e9fcd1e5f48b979f47,93615bfd23795167ed02dbb3ead2ee357028aea0,d0f652e17d2ce734dd5ce9e9fcd1e5f48b979f47,migrado de TWRP,Identidad de blob Git con la referencia TWRP
recovery/root/vendor/lib64/libqrtr.so,b1f765168b078adf27be124ed8cdd5aebd319887,b1f765168b078adf27be124ed8cdd5aebd319887,b1f765168b078adf27be124ed8cdd5aebd319887,sin cambios compartido,Identidad de blob Git con la referencia TWRP
recovery/root/vendor/lib64/libqservice.so,61bff702db0dc94c5402a1e14f94066c87960b3c,61bff702db0dc94c5402a1e14f94066c87960b3c,61bff702db0dc94c5402a1e14f94066c87960b3c,sin cambios compartido,Identidad de blob Git con la referencia TWRP
recovery/root/vendor/lib64/libqtikeymaster4.so,4544a6d8727abbb49537e04986b0277644cbd217,4544a6d8727abbb49537e04986b0277644cbd217,4544a6d8727abbb49537e04986b0277644cbd217,sin cambios compartido,Identidad de blob Git con la referencia TWRP
recovery/root/vendor/lib64/libqtikeymint.so,9a415f4487dd284d6952587e76261129abaec94b,dd4ff42608a98a6e2c41f4ba582571637b5ce8c7,9a415f4487dd284d6952587e76261129abaec94b,migrado de TWRP,Identidad de blob Git con la referencia TWRP
recovery/root/vendor/lib64/librecovery_updater.so,0a1c8b55a390b03a564bd18c6b15c98a8be25ac3,0a1c8b55a390b03a564bd18c6b15c98a8be25ac3,0a1c8b55a390b03a564bd18c6b15c98a8be25ac3,sin cambios compartido,Identidad de blob Git con la referencia TWRP
recovery/root/vendor/lib64/librecovery_updater_msm.so,26345e43ed2fc635e23af77686e15bcd582f8967,26345e43ed2fc635e23af77686e15bcd582f8967,26345e43ed2fc635e23af77686e15bcd582f8967,sin cambios compartido,Identidad de blob Git con la referencia TWRP
recovery/root/vendor/lib64/librpmb.so,5112851f7d11433d048573f32b92246f80872290,5112851f7d11433d048573f32b92246f80872290,5112851f7d11433d048573f32b92246f80872290,sin cambios compartido,Identidad de blob Git con la referencia TWRP
recovery/root/vendor/lib64/libseclog.so,6ea00461591fa74f643d2420a7c0f4bba4286ee7,6ea00461591fa74f643d2420a7c0f4bba4286ee7,6ea00461591fa74f643d2420a7c0f4bba4286ee7,sin cambios compartido,Identidad de blob Git con la referencia TWRP
recovery/root/vendor/lib64/libsoc_helper.so,c968548ddf305f4f078caaffaa7b0be357bbf5f4,c968548ddf305f4f078caaffaa7b0be357bbf5f4,c968548ddf305f4f078caaffaa7b0be357bbf5f4,sin cambios compartido,Identidad de blob Git con la referencia TWRP
recovery/root/vendor/lib64/libspcom.so,37f3f9829056ad771b519af98dc701f90e5990a2,f0230661ed407c9eba4d48b41dccb7ea718b4371,37f3f9829056ad771b519af98dc701f90e5990a2,migrado de TWRP,Identidad de blob Git con la referencia TWRP
recovery/root/vendor/lib64/libspl.so,aef5e676d16ab1abd08caf720481f7865ff98246,aef5e676d16ab1abd08caf720481f7865ff98246,aef5e676d16ab1abd08caf720481f7865ff98246,sin cambios compartido,Identidad de blob Git con la referencia TWRP
recovery/root/vendor/lib64/libssd.so,2ec1ba0893a332bddf038bf1ed59f26a8d91c42f,2ec1ba0893a332bddf038bf1ed59f26a8d91c42f,2ec1ba0893a332bddf038bf1ed59f26a8d91c42f,sin cambios compartido,Identidad de blob Git con la referencia TWRP
recovery/root/vendor/lib64/libtaautoload.so,0687c1b219d62e8b105474c9c7c25f015a9b3193,0687c1b219d62e8b105474c9c7c25f015a9b3193,0687c1b219d62e8b105474c9c7c25f015a9b3193,sin cambios compartido,Identidad de blob Git con la referencia TWRP
recovery/root/vendor/lib64/libtime_genoff.so,f57e282b9df9182443fd8232738ffa089c8796bb,f57e282b9df9182443fd8232738ffa089c8796bb,f57e282b9df9182443fd8232738ffa089c8796bb,sin cambios compartido,Identidad de blob Git con la referencia TWRP
recovery/root/vendor/lib64/libtinyalsa.so,fe2575e732792cd2ca93b6cb1867ddbfd2644f29,fe2575e732792cd2ca93b6cb1867ddbfd2644f29,fe2575e732792cd2ca93b6cb1867ddbfd2644f29,sin cambios compartido,Identidad de blob Git con la referencia TWRP
recovery/root/vendor/lib64/libvmmem.so,98e29b20e4e28963d055fcc6e6cbb330ec95f62c,75188130b71e6925eb3311a7af0629e986372a3e,98e29b20e4e28963d055fcc6e6cbb330ec95f62c,migrado de TWRP,Identidad de blob Git con la referencia TWRP
recovery/root/vendor/lib64/libxml.so,734ec3631b9b577a4434fe6ccc39b62a0c70abfe,734ec3631b9b577a4434fe6ccc39b62a0c70abfe,734ec3631b9b577a4434fe6ccc39b62a0c70abfe,sin cambios compartido,Identidad de blob Git con la referencia TWRP
recovery/root/vendor/lib64/vendor.display.config@1.0.so,6c61405a3658db28403874bf8540a2f1562d3bf3,6c61405a3658db28403874bf8540a2f1562d3bf3,6c61405a3658db28403874bf8540a2f1562d3bf3,sin cambios compartido,Identidad de blob Git con la referencia TWRP
recovery/root/vendor/lib64/vendor.display.config@2.0.so,eacd04cd1909bd1205354a21aff775a8af9e430a,eacd04cd1909bd1205354a21aff775a8af9e430a,eacd04cd1909bd1205354a21aff775a8af9e430a,sin cambios compartido,Identidad de blob Git con la referencia TWRP
recovery/root/vendor/lib64/vendor.qti.hardware.display.config-V7-ndk.so,124bf49a8c3b0d4488c8c528fc33ecc30b4c99e7,124bf49a8c3b0d4488c8c528fc33ecc30b4c99e7,124bf49a8c3b0d4488c8c528fc33ecc30b4c99e7,sin cambios compartido,Identidad de blob Git con la referencia TWRP
recovery/root/vendor/lib64/vendor.qti.hardware.pal-V1-ndk.so,43ac6067aa3457d6c7952b4991a67fc0073a385d,43ac6067aa3457d6c7952b4991a67fc0073a385d,43ac6067aa3457d6c7952b4991a67fc0073a385d,sin cambios compartido,Identidad de blob Git con la referencia TWRP
recovery/root/vendor/lib64/vendor.qti.hardware.wifi.supplicant-V1-ndk.so,12bc0bd1606f82d0788afed325a1538407f2212b,12bc0bd1606f82d0788afed325a1538407f2212b,12bc0bd1606f82d0788afed325a1538407f2212b,sin cambios compartido,Identidad de blob Git con la referencia TWRP
security/releasekey.x509.pem,2a793ffac65dbba66afd164ab1aa3fec08bea817,2a793ffac65dbba66afd164ab1aa3fec08bea817,2a793ffac65dbba66afd164ab1aa3fec08bea817,sin cambios compartido,Identidad de blob Git con la referencia TWRP
system.prop,b6f3f61246fe2899e9fea704bf0022f69821acde,4bdea1c9591dfa37d8feb53a5729e2164b541aa0,4bdea1c9591dfa37d8feb53a5729e2164b541aa0,OrangeFox conservado,Integración/producto OrangeFox o configuración heredada sin evidencia de sustitución necesaria
tools/apply-recovery-patches.py,,,9a44a0af4ad914cd5c959f73cc8b54c32bb1c0b6,CI/herramienta,Validación OrangeFox del commit exacto y artefactos
tools/build-validated.sh,,,b4247ab80b4074c771b0fe665440f3af98741a14,CI/herramienta,Validación OrangeFox del commit exacto y artefactos
tools/setup-all.sh,,86c999964f007b0846d50ecfd8f1e93eb2aa34d4,86c999964f007b0846d50ecfd8f1e93eb2aa34d4,OrangeFox conservado,Integración/producto OrangeFox o configuración heredada sin evidencia de sustitución necesaria
tools/setup-deps.sh,,f90cfdde7140035652e4b1ad2ed9ce0f2decd847,f90cfdde7140035652e4b1ad2ed9ce0f2decd847,OrangeFox conservado,Integración/producto OrangeFox o configuración heredada sin evidencia de sustitución necesaria
tools/setup-runner.sh,,e66154e1b561dd50a85971be047902b28433e84c,e66154e1b561dd50a85971be047902b28433e84c,OrangeFox conservado,Integración/producto OrangeFox o configuración heredada sin evidencia de sustitución necesaria
tools/validate-port.py,,,76b54d2eb63a2d04f1226986213791841534a743,CI/herramienta,Validación OrangeFox del commit exacto y artefactos
tools/verify-image.py,,,d77456a59b7a4c5495d811ca15b6e431b712b0f1,CI/herramienta,Validación OrangeFox del commit exacto y artefactos
tools/verify-ramdisk.py,,,492c912e8114907479944dc014cf09f51165f5a9,CI/herramienta,Validación OrangeFox del commit exacto y artefactos
twrp_NX733J.mk,dc193d4d8d64e84f8799e8ea882a4af69a1dd471,,,excluido,"Producto/build TWRP, branding runtime sustituido por TW_DEVICE_VERSION, o configuración crDroid fuera del producto OrangeFox"
vendorsetup.sh,,,dc2c4953f165d203c7c65461b1a502b0140ad04d,fusión manual,Integración del conocimiento de hardware TWRP y semántica OrangeFox; ver PORT_STATUS.md
